CREATE TABLE usuario(
  codigo bigserial,
  nome CHARACTER VARYING (50) NOT NULL ,
  email CHARACTER VARYING (50) NOT NULL ,
  senha CHARACTER VARYING (150) NOT NULL,
  CONSTRAINT usuario_pkey PRIMARY KEY (codigo)

);

CREATE TABLE permissao(
  codigo bigserial,
  descricao CHARACTER VARYING (50) NOT NULL ,
  CONSTRAINT permissao_pkey PRIMARY KEY (codigo)
);

CREATE TABLE usuario_permissao(
  codigo_usuario bigint,
  codigo_permissao bigint,
  CONSTRAINT usuario_permisao_pkey PRIMARY KEY (codigo_usuario, codigo_permissao),
  CONSTRAINT usuario_fkey FOREIGN KEY (codigo_usuario) REFERENCES usuario(codigo)
    MATCH simple on UPDATE no ACTION on DELETE no ACTION ,
  CONSTRAINT permissao_fkey FOREIGN KEY (codigo_permissao) REFERENCES permissao(codigo)
    MATCH simple on UPDATE no ACTION ON DELETE NO ACTION
);


INSERT INTO usuario (codigo, nome, email, senha) values (1, 'Administrador', 'admin@algamoney.com', '$2a$10$X607ZPhQ4EgGNaYKt3n4SONjIv9zc.VMWdEuhCuba7oLAL5IvcL5.');
INSERT INTO usuario (codigo, nome, email, senha) values (2, 'Maria Silva', 'maria@algamoney.com', '$2a$10$Zc3w6HyuPOPXamaMhh.PQOXvDnEsadztbfi6/RyZWJDzimE8WQjaq');

INSERT INTO permissao (codigo, descricao) values (1, 'ROLE_CADASTRAR_CATEGORIA');
INSERT INTO permissao (codigo, descricao) values (2, 'ROLE_PESQUISAR_CATEGORIA');

INSERT INTO permissao (codigo, descricao) values (3, 'ROLE_CADASTRAR_PESSOA');
INSERT INTO permissao (codigo, descricao) values (4, 'ROLE_REMOVER_PESSOA');
INSERT INTO permissao (codigo, descricao) values (5, 'ROLE_PESQUISAR_PESSOA');

INSERT INTO permissao (codigo, descricao) values (6, 'ROLE_CADASTRAR_LANCAMENTO');
INSERT INTO permissao (codigo, descricao) values (7, 'ROLE_REMOVER_LANCAMENTO');
INSERT INTO permissao (codigo, descricao) values (8, 'ROLE_PESQUISAR_LANCAMENTO');

-- admin
INSERT INTO usuario_permissao (codigo_usuario, codigo_permissao) values (1, 1);
INSERT INTO usuario_permissao (codigo_usuario, codigo_permissao) values (1, 2);
INSERT INTO usuario_permissao (codigo_usuario, codigo_permissao) values (1, 3);
INSERT INTO usuario_permissao (codigo_usuario, codigo_permissao) values (1, 4);
INSERT INTO usuario_permissao (codigo_usuario, codigo_permissao) values (1, 5);
INSERT INTO usuario_permissao (codigo_usuario, codigo_permissao) values (1, 6);
INSERT INTO usuario_permissao (codigo_usuario, codigo_permissao) values (1, 7);
INSERT INTO usuario_permissao (codigo_usuario, codigo_permissao) values (1, 8);

-- maria
INSERT INTO usuario_permissao (codigo_usuario, codigo_permissao) values (2, 2);
INSERT INTO usuario_permissao (codigo_usuario, codigo_permissao) values (2, 5);
INSERT INTO usuario_permissao (codigo_usuario, codigo_permissao) values (2, 8);